,acousticness,dance,duration,energy,instrumentalness,key,liveness,loudness,mode,playlist,song,speech,tempo,time,valence
0,0.694,0.585,240166,0.303,0.0,4,0.115,-10.058,1,45UoCqtVh2BR1HteUkmRje,05pKAafT85jeeNhZ6kq7HT,0.0398,136.703,3,0.142
1,0.142,0.773,210667,0.525,0.000222,11,0.221,-11.398,1,45UoCqtVh2BR1HteUkmRje,09pYzzyrc6MsJXuG3K1ruC,0.0385,119.024,4,0.616
2,0.0824,0.472,217000,0.373,0.0,10,0.0915,-9.54,1,45UoCqtVh2BR1HteUkmRje,09xf9RNDZweJOgQmPO34ey,0.028,149.804,4,0.337
3,0.697,0.547,247253,0.39,1.46e-05,7,0.0618,-5.946,1,45UoCqtVh2BR1HteUkmRje,0AZU3CiFFyt5pO5BacwNQV,0.0271,128.728,4,0.477
4,0.544,0.643,244600,0.569,2.17e-05,7,0.178,-7.459,1,45UoCqtVh2BR1HteUkmRje,0B5KeB25moPkcQUnbDvj3t,0.0276,120.507,4,0.275
5,0.938,0.724,151297,0.184,8.23e-05,11,0.11,-11.416,1,45UoCqtVh2BR1HteUkmRje,0BsZR0aM6fpH03HzetXuWK,0.0317,112.044,3,0.252
6,0.648,0.45,287307,0.658,3.14e-06,2,0.264,-7.064,1,45UoCqtVh2BR1HteUkmRje,0EMmVUYs9ZZRHtlADB88uz,0.0472,106.799,4,0.781
7,0.726,0.349,246587,0.348,0.0,3,0.12,-6.142,1,45UoCqtVh2BR1HteUkmRje,0HZhYMZOcUzZKSFwPOti6m,0.0316,74.541,4,0.0886
8,0.145,0.675,229813,0.792,0.0,1,0.12,-6.303,1,45UoCqtVh2BR1HteUkmRje,0HnaqUxvHP5LaWdmWwJpiS,0.0368,120.016,4,0.395
9,0.296,0.623,191360,0.417,0.0,0,0.135,-8.699,1,45UoCqtVh2BR1HteUkmRje,0IktbUcnAGrvD03AWnz3Q8,0.0354,130.032,4,0.721
10,0.405,0.373,234387,0.367,0.0,9,0.119,-8.075,0,45UoCqtVh2BR1HteUkmRje,0InJPuWIYp8fwlBGIQglLf,0.0277,77.285,4,0.165
11,0.869,0.629,220907,0.254,0.0,0,0.0904,-9.635,1,45UoCqtVh2BR1HteUkmRje,0IpMEZdKu7FB5KOpNEg8x3,0.0687,96.189,4,0.457
12,0.762,0.339,236547,0.249,1.08e-05,5,0.146,-13.669,1,45UoCqtVh2BR1HteUkmRje,0JX3yxNjNW4O6zAqUpow5t,0.0296,94.874,4,0.159
13,0.0124,0.738,193827,0.937,0.00206,9,0.0338,-7.788,0,45UoCqtVh2BR1HteUkmRje,0Jg602cHeMCnPez9baacIe,0.0668,131.994,4,0.614
14,0.663,0.485,258000,0.307,4.13e-05,1,0.123,-13.129,1,45UoCqtVh2BR1HteUkmRje,0JhILyKbyQnhAo6FHSSIRA,0.0565,80.171,4,0.132
15,0.0647,0.575,244667,0.886,0.000187,5,0.709,-5.182,1,45UoCqtVh2BR1HteUkmRje,0KDaN0HL3TcJVTbXlQCEsS,0.034,96.308,4,0.608
16,0.23,0.736,208104,0.411,0.0,7,0.0668,-6.705,1,45UoCqtVh2BR1HteUkmRje,0KeK6xqEcTT1VWhHf5iw2d,0.0299,94.998,4,0.798
17,0.217,0.675,216667,0.885,0.0,1,0.086,-4.432,0,45UoCqtVh2BR1HteUkmRje,0KpfYajJVVGgQ32Dby7e9i,0.0436,97.03,4,0.768
18,0.694,0.522,338093,0.44,0.0,5,0.117,-7.337,1,45UoCqtVh2BR1HteUkmRje,0NevhuDSxk4sz0xe8UprRd,0.0268,119.866,4,0.183
19,0.0992,0.547,266307,0.752,0.0945,9,0.0896,-5.153,1,45UoCqtVh2BR1HteUkmRje,0OVcoOK5WVvE6D9CXkopa9,0.0274,150.002,4,0.716
20,0.0503,0.852,227547,0.604,0.0,0,0.327,-4.569,1,45UoCqtVh2BR1HteUkmRje,0OaunKfsxkgBvPv68jBbmm,0.0642,94.762,4,0.667
21,0.428,0.743,195397,0.389,2.55e-06,10,0.113,-9.616,1,45UoCqtVh2BR1HteUkmRje,0OxrVxhY4wkruSvnPqAKPl,0.0317,86.036,4,0.56
22,0.704,0.358,241763,0.275,1.04e-06,5,0.11,-8.324,0,45UoCqtVh2BR1HteUkmRje,0T4t1PywlNmJGcveGH5spB,0.0277,103.581,4,0.117
23,0.785,0.531,180720,0.157,0.0,7,0.172,-14.553,1,45UoCqtVh2BR1HteUkmRje,0TxdiLKO16C997eDNxHrwY,0.0493,68.964,4,0.347
24,0.308,0.696,246880,0.543,0.0,11,0.0939,-6.164,1,45UoCqtVh2BR1HteUkmRje,0VhgEqMTNZwYL1ARDLLNCX,0.0489,107.969,4,0.479
25,0.623,0.674,218105,0.536,4.11e-06,1,0.223,-7.288,0,45UoCqtVh2BR1HteUkmRje,0Vw4d2AWvIb33V3zp8ID4q,0.0345,143.975,4,0.673
26,0.794,0.685,163133,0.466,2.06e-06,0,0.0915,-9.074,1,45UoCqtVh2BR1HteUkmRje,0W4Kpfp1w2xkY3PrV714B7,0.0304,79.936,4,0.353
27,0.295,0.512,154435,0.304,0.000622,0,0.118,-9.19,1,45UoCqtVh2BR1HteUkmRje,0ZPfDxZn5O0L84wvPSN2iG,0.0318,126.078,5,0.172
28,0.152,0.677,236853,0.497,0.0,5,0.0911,-5.763,1,45UoCqtVh2BR1HteUkmRje,0Zbbxnx4SGGHoIow4PpISP,0.0809,99.137,4,0.419
29,0.634,0.566,241693,0.664,0.0,4,0.116,-5.303,0,45UoCqtVh2BR1HteUkmRje,0aOluBqXYd0rFSCsgDyAWX,0.0464,128.945,4,0.437
30,0.106,0.477,292560,0.606,5.89e-06,0,0.143,-6.758,1,45UoCqtVh2BR1HteUkmRje,0cc9lgdfHqeS8t9BzbFFmj,0.0253,75.183,4,0.515
31,0.554,0.453,239317,0.496,2.65e-05,5,0.0772,-5.785,1,45UoCqtVh2BR1HteUkmRje,0fioLzGM8ngbD1w6fMmm45,0.0453,80.994,4,0.501
32,0.491,0.576,230267,0.39,0.0,10,0.111,-7.202,1,45UoCqtVh2BR1HteUkmRje,0jdny0dhgjUwoIp5GkqEaA,0.0297,73.433,4,0.319
33,0.448,0.599,233640,0.785,0.00336,3,0.151,-4.013,1,45UoCqtVh2BR1HteUkmRje,0mUyMawtxj1CJ76kn9gIZK,0.0309,140.046,4,0.52
34,0.932,0.612,213827,0.28,0.0,0,0.088,-8.648,1,45UoCqtVh2BR1HteUkmRje,0nJW01T7XtvILxQgC5J7Wh,0.0434,72.795,4,0.387
35,0.76,0.723,268867,0.489,0.0,9,0.11,-6.835,1,45UoCqtVh2BR1HteUkmRje,0owU9W5gPsJEcwAmMjzomy,0.0262,109.96,4,0.649
36,0.0285,0.573,230227,0.739,0.0,0,0.111,-5.74,1,45UoCqtVh2BR1HteUkmRje,0prNGof3XqfTvNDxHonvdK,0.129,97.085,4,0.451
37,0.594,0.664,196280,0.491,0.0,9,0.11,-6.544,1,45UoCqtVh2BR1HteUkmRje,0rFOs9paloAvEtzwDX1Kmc,0.042,127.97,4,0.24
38,0.805,0.398,253342,0.316,0.0,1,0.295,-7.031,1,45UoCqtVh2BR1HteUkmRje,0tV8pOpiNsKqUys0ilUcXz,0.0368,118.582,4,0.174
39,0.541,0.595,257947,0.497,5.04e-05,4,0.108,-5.013,1,45UoCqtVh2BR1HteUkmRje,0uG4W1mvsLHMrjOaxbrEqo,0.0245,140.013,4,0.289
40,0.552,0.477,342000,0.493,0.00345,9,0.102,-7.346,1,45UoCqtVh2BR1HteUkmRje,0urpBLpcm6DOGzs86rcKd8,0.0291,148.984,4,0.463
41,0.633,0.675,209493,0.479,1.76e-05,0,0.088,-9.87,0,45UoCqtVh2BR1HteUkmRje,0vg4WnUWvze6pBOJDTq99k,0.0278,81.998,4,0.454
42,0.883,0.472,240067,0.3,1.04e-05,7,0.0698,-10.807,1,45UoCqtVh2BR1HteUkmRje,0z9UVN8VBHJ9HdfYsOuuNf,0.028,144.317,4,0.289
43,0.847,0.522,282000,0.358,0.146,9,0.107,-9.214,1,45UoCqtVh2BR1HteUkmRje,108AjsNJYPMrZWecK7xNkF,0.03,137.66,4,0.105
44,0.209,0.563,267933,0.592,5.08e-05,9,0.132,-4.571,1,45UoCqtVh2BR1HteUkmRje,11bD1JtSjlIgKgZG2134DZ,0.0276,104.016,4,0.136
45,0.818,0.546,260533,0.311,1.65e-05,1,0.107,-10.396,1,45UoCqtVh2BR1HteUkmRje,13HVjjWUZFaWilh2QUJKsP,0.0288,147.464,4,0.246
46,0.0369,0.738,200560,0.861,0.0,11,0.0942,-5.916,1,45UoCqtVh2BR1HteUkmRje,19fm0eNKTeg1JbHCHwPhLe,0.0324,104.027,4,0.756
47,0.0196,0.484,274160,0.841,1.71e-06,7,0.148,-5.438,1,45UoCqtVh2BR1HteUkmRje,1A5V1sxyCLpKJezp75tUXn,0.0291,92.124,4,0.304
48,0.065,0.425,241293,0.889,0.0,10,0.345,-5.7,1,45UoCqtVh2BR1HteUkmRje,1BaGfrlIWinaF77p7QASBH,0.0802,162.596,4,0.644
49,0.171,0.618,300773,0.896,0.0,2,0.0875,-5.357,1,45UoCqtVh2BR1HteUkmRje,1Cwsd5xI8CajJz795oy4XF,0.0307,113.961,4,0.711
50,0.00577,0.706,259333,0.801,0.0,5,0.0822,-6.333,1,45UoCqtVh2BR1HteUkmRje,1D1nixOVWOxvNfWi0UD7VX,0.0399,100.013,4,0.63
51,0.609,0.881,184476,0.394,0.0,6,0.123,-7.835,1,45UoCqtVh2BR1HteUkmRje,1Ddj6nkhUP3lHpLvDqPsvC,0.059,106.009,4,0.915
52,0.595,0.686,242187,0.457,0.0,11,0.105,-8.322,1,45UoCqtVh2BR1HteUkmRje,1EzrEOXmMH3G43AXT1y7pA,0.0468,150.953,4,0.718
53,0.227,0.627,259347,0.488,1.22e-06,4,0.393,-11.35,1,45UoCqtVh2BR1HteUkmRje,1GI4B57ToEI5e1Kh4bD75t,0.0552,77.975,4,0.455
54,0.607,0.614,258987,0.379,0.000464,4,0.0986,-10.48,1,45UoCqtVh2BR1HteUkmRje,1HNkqx9Ahdgi1Ixy2xkKkL,0.0476,107.989,4,0.201
55,0.75,0.496,271654,0.246,1.54e-06,2,0.132,-9.882,1,45UoCqtVh2BR1HteUkmRje,1HT7YpdOHJJBHLOdJMuksc,0.0267,149.977,4,0.23
56,0.697,0.53,241347,0.346,1.07e-05,8,0.105,-10.497,1,45UoCqtVh2BR1HteUkmRje,1HbcclMpw0q2WDWpdGCKdS,0.0376,121.876,4,0.359
57,0.435,0.487,272427,0.559,3.81e-06,2,0.272,-5.587,1,45UoCqtVh2BR1HteUkmRje,1ItNgENqAjtJUnCEVr4VBG,0.0299,88.657,4,0.26
58,0.101,0.768,173027,0.864,0.0,11,0.162,-6.145,1,45UoCqtVh2BR1HteUkmRje,1Je1IMUlBXcx1Fz0WE7oPT,0.0324,110.008,4,0.891
59,0.546,0.352,274200,0.45,0.127,5,0.283,-9.881,1,45UoCqtVh2BR1HteUkmRje,1JxNWpK9xTWKRPoYTIX4Qk,0.0293,86.937,4,0.114
60,0.83,0.581,329865,0.443,0.00679,5,0.107,-8.678,1,45UoCqtVh2BR1HteUkmRje,1MDVXlgY8Of2n2otw57hw0,0.0357,76.845,4,0.446
61,0.861,0.624,226493,0.28,1.51e-06,2,0.116,-10.415,1,45UoCqtVh2BR1HteUkmRje,1NarGDteHRuDA9OfGyQ2MG,0.029,105.087,4,0.288
62,0.348,0.591,208107,0.718,0.000118,8,0.107,-6.025,1,45UoCqtVh2BR1HteUkmRje,1NrJYpdAi7uosDRPmSYrsG,0.0368,117.995,4,0.468
63,0.851,0.512,178355,0.245,0.0,2,0.131,-8.828,0,45UoCqtVh2BR1HteUkmRje,1OozJMmjaGAgX8WPTTMpcG,0.0338,93.971,4,0.266
64,0.102,0.537,224813,0.485,3.83e-06,2,0.319,-8.131,1,45UoCqtVh2BR1HteUkmRje,1OwHOfTeJkdRhdqq93y2XV,0.0332,152.012,4,0.293
65,0.309,0.421,285120,0.407,0.000961,10,0.11,-7.445,1,45UoCqtVh2BR1HteUkmRje,1QUpqu8865jfasDr8M3IKN,0.0267,139.028,3,0.161
66,0.713,0.623,218427,0.439,0.0,9,0.0905,-7.737,1,45UoCqtVh2BR1HteUkmRje,1SaQZoFXNu7ZAxxKImzFgf,0.0294,122.862,4,0.695
67,0.763,0.722,268867,0.488,0.0,9,0.109,-6.807,1,45UoCqtVh2BR1HteUkmRje,1V1CnaPBqtzQ4TBVbrnwtV,0.0265,109.955,4,0.628
68,0.669,0.642,258373,0.289,0.0,9,0.18,-9.918,1,45UoCqtVh2BR1HteUkmRje,1VdZ0vKfR5jneCmWIUAMxK,0.0367,84.996,4,0.407
69,0.962,0.47,246896,0.271,0.0,8,0.106,-8.335,1,45UoCqtVh2BR1HteUkmRje,1X6kxrjWVWiKMqulM8XZpj,0.0392,129.623,4,0.388
70,0.905,0.498,234915,0.203,9.94e-05,8,0.146,-11.577,1,45UoCqtVh2BR1HteUkmRje,1XS3uiCzUK6TtPI6qrRqOD,0.0297,65.827,4,0.358
71,0.155,0.5,240440,0.74,5.64e-06,10,0.0858,-3.317,1,45UoCqtVh2BR1HteUkmRje,1YkV2y6QU4zya9sonV0m8R,0.0398,123.45,4,0.332
72,0.949,0.652,221325,0.188,2.43e-05,5,0.102,-11.136,1,45UoCqtVh2BR1HteUkmRje,1a57spRtwg2zOdHGkf9nNB,0.0353,110.897,3,0.331
73,0.96,0.698,201526,0.243,0.0906,11,0.112,-11.103,1,45UoCqtVh2BR1HteUkmRje,1aQvJszF1Oo19OmL8cJ6No,0.033,82.037,4,0.485
74,0.858,0.527,177297,0.322,0.000229,4,0.111,-9.754,1,45UoCqtVh2BR1HteUkmRje,1aRcBsBGPjqNGXRPyEH6Ua,0.0275,82.865,4,0.285
75,0.476,0.792,219453,0.635,0.000648,6,0.218,-6.776,0,45UoCqtVh2BR1HteUkmRje,1artwGqCjSKoPo1k8IK4ES,0.0678,111.989,4,0.841
76,0.779,0.587,259550,0.299,0.0,8,0.123,-7.365,1,45UoCqtVh2BR1HteUkmRje,1bhUWB0zJMIKr9yVPrkEuI,0.0263,94.992,3,0.356
77,0.246,0.566,284947,0.417,0.000945,7,0.11,-8.711,1,45UoCqtVh2BR1HteUkmRje,1dDXZDCgyvioujRUDfKxCr,0.0247,139.987,4,0.205
78,0.0649,0.663,257280,0.712,0.0,1,0.119,-4.945,0,45UoCqtVh2BR1HteUkmRje,1fh2TfUOtOoXEE8qQynYEC,0.0381,122.014,4,0.48
79,0.609,0.821,245400,0.241,0.0,9,0.0982,-9.881,1,45UoCqtVh2BR1HteUkmRje,1i9iliTpiPLizleapSg37I,0.0388,93.024,4,0.487
80,0.253,0.258,250267,0.659,0.0,5,0.111,-5.903,0,45UoCqtVh2BR1HteUkmRje,1ip2IGDWMrUmlaepEbWlL8,0.0596,189.558,4,0.272
81,0.0868,0.412,250053,0.619,2.55e-06,7,0.4,-6.39,1,45UoCqtVh2BR1HteUkmRje,1ipE3bBLWeLkIvxWUaxpSu,0.0725,95.977,4,0.234
82,0.441,0.26,285533,0.478,0.0,4,0.116,-7.742,1,45UoCqtVh2BR1HteUkmRje,1jE4OnAH6mcWUusKUacrQj,0.0349,198.391,4,0.278
83,0.941,0.485,187060,0.109,0.000587,7,0.118,-16.847,1,45UoCqtVh2BR1HteUkmRje,1jfSFnKn0iYhxI0gGEdjFZ,0.0317,131.071,4,0.214
84,0.421,0.38,189333,0.553,2.63e-06,7,0.0788,-6.621,1,45UoCqtVh2BR1HteUkmRje,1lntL1cI2UIWlxjL5QiN8g,0.0653,179.629,4,0.384
85,0.346,0.778,242733,0.547,0.000302,2,0.132,-7.273,1,45UoCqtVh2BR1HteUkmRje,1mKXFLRA179hdOWQBwUk9e,0.0489,95.002,4,0.441
86,0.934,0.313,208504,0.286,0.0451,10,0.0974,-10.593,1,45UoCqtVh2BR1HteUkmRje,1mvfvDZOybiEgS1ecJxt9W,0.0324,80.925,4,0.287
87,0.952,0.379,201080,0.29,0.00106,4,0.118,-8.485,1,45UoCqtVh2BR1HteUkmRje,1oBDaufG8Arkz3t52UbiQi,0.051,166.467,4,0.169
88,0.271,0.547,262467,0.559,5.64e-05,9,0.154,-8.528,0,45UoCqtVh2BR1HteUkmRje,1qLVXyGMKxRr0cAjqC2N8U,0.026,149.932,4,0.223
89,0.95,0.688,203267,0.296,0.000166,2,0.115,-11.064,1,45UoCqtVh2BR1HteUkmRje,1qXDjWPzxa02VClFJmu6nx,0.0872,89.091,4,0.478
90,0.822,0.609,229840,0.442,0.000225,9,0.101,-6.628,1,45UoCqtVh2BR1HteUkmRje,1sDfnkQge4Nmkp8sgLgH1i,0.0269,138.134,3,0.247
91,0.879,0.409,219707,0.141,0.0,0,0.126,-10.092,1,45UoCqtVh2BR1HteUkmRje,1svU65QddvvLA0YY9mdiqF,0.0331,153.238,4,0.302
92,9.24e-05,0.547,239227,0.693,5.46e-05,0,0.113,-8.786,1,45UoCqtVh2BR1HteUkmRje,1t2Hq2WIBcZINOEnK6mdJG,0.0353,119.567,4,0.583
93,0.734,0.514,215933,0.178,0.0,5,0.119,-10.379,0,45UoCqtVh2BR1HteUkmRje,1tliDWvo1Ih3W3T55KLIcP,0.0301,146.904,3,0.391
94,0.737,0.364,213531,0.311,0.0,5,0.129,-6.937,1,45UoCqtVh2BR1HteUkmRje,1u85IxfmAJodCwTsFXwdGq,0.0323,199.53,1,0.345
95,0.0505,0.855,177466,0.587,0.00714,8,0.105,-4.589,1,45UoCqtVh2BR1HteUkmRje,1vxw6aYJls2oq3gW0DujAo,0.0336,111.97,4,0.64
96,0.535,0.752,197437,0.505,2.55e-06,9,0.104,-7.621,1,45UoCqtVh2BR1HteUkmRje,1wjzFQodRWrPcQ0AnYnvQ9,0.253,91.97,4,0.419
97,0.446,0.521,239507,0.411,4.28e-05,9,0.161,-9.641,1,45UoCqtVh2BR1HteUkmRje,1yPmDkwWq9CqXjsiGM001g,0.0272,142.093,4,0.145
98,0.249,0.653,216533,0.677,0.0,0,0.403,-12.244,1,45UoCqtVh2BR1HteUkmRje,1ynmMEK1fkyiZ6Z6F3ThEt,0.0396,114.37,4,0.888
99,0.132,0.439,250707,0.489,0.000643,8,0.114,-6.286,1,45UoCqtVh2BR1HteUkmRje,1zVhMuH7agsRe6XkljIY4U,0.0368,143.808,4,0.253
100,0.744,0.574,172000,0.284,0.0,9,0.122,-12.841,1,45UoCqtVh2BR1HteUkmRje,224atdPauEbKCbcz7a2JwK,0.0558,120.542,4,0.507
101,0.632,0.632,226000,0.38,0.0,5,0.111,-8.989,1,45UoCqtVh2BR1HteUkmRje,22VwZbdu9oNkOtfGyWEUNh,0.0245,94.033,4,0.586
102,0.257,0.671,295893,0.373,7.95e-05,9,0.0481,-18.064,1,45UoCqtVh2BR1HteUkmRje,2374M0fQpWi3dLnB54qaLX,0.0323,92.717,4,0.732
103,0.612,0.705,231387,0.467,0.000253,5,0.114,-8.636,1,45UoCqtVh2BR1HteUkmRje,23K1DCCIlAmi97SWZhzZ0V,0.0442,86.003,4,0.779
104,0.765,0.653,205621,0.229,0.0,9,0.108,-11.198,1,45UoCqtVh2BR1HteUkmRje,23V8GLR7IHBzc4ipiT5Zl2,0.181,168.076,4,0.519
105,0.0151,0.637,220733,0.843,0.0,5,0.0876,-5.413,1,45UoCqtVh2BR1HteUkmRje,24lMtPOCzP5g4hrg3NklLa,0.0432,109.012,4,0.434
106,0.0021,0.774,197987,0.75,1.85e-05,11,0.0808,-4.927,0,45UoCqtVh2BR1HteUkmRje,27L8sESb3KR79asDUBu8nW,0.0413,118.015,4,0.925
107,0.0262,0.738,285014,0.483,0.616,6,0.106,-8.915,0,45UoCqtVh2BR1HteUkmRje,27jdUE1EYDSXZqhjuNxLem,0.0403,93.458,4,0.355
108,0.011,0.735,188174,0.423,0.0,0,0.0553,-6.652,1,45UoCqtVh2BR1HteUkmRje,27vTihlWXiz9f9lJM3XGVU,0.0459,85.899,4,0.85
109,0.00391,0.936,260867,0.76,3.39e-06,1,0.0394,-7.873,1,45UoCqtVh2BR1HteUkmRje,28yT0sZlkqStSByo1j58J4,0.282,128.479,4,0.657
110,0.00627,0.766,202627,0.873,0.0,11,0.0764,-6.381,0,45UoCqtVh2BR1HteUkmRje,2Cd9iWfcOpGDHLz6tVA3G4,0.143,126.988,4,0.743
111,0.488,0.367,229335,0.657,0.0,7,0.147,-5.707,1,45UoCqtVh2BR1HteUkmRje,2CzD2jGuJGIQmabkpp6rr9,0.0366,185.808,4,0.217
112,0.858,0.498,272091,0.316,0.0,0,0.107,-6.554,1,45UoCqtVh2BR1HteUkmRje,2DpTUvWek59Qh5WB5ES5jD,0.03,76.034,4,0.12
113,0.682,0.649,224768,0.43,1.35e-06,1,0.108,-7.266,0,45UoCqtVh2BR1HteUkmRje,2DwH8aLCCR47MJbDJeC002,0.0266,95.992,4,0.529
114,0.189,0.315,212027,0.55,0.00057,0,0.101,-5.649,1,45UoCqtVh2BR1HteUkmRje,2Ev8mNT9YHaUIELEKKf4ld,0.0289,69.241,4,0.333
115,0.732,0.671,196466,0.456,3.49e-06,9,0.0829,-8.313,1,45UoCqtVh2BR1HteUkmRje,2Kp3prE7jSyozQ2kT3Hiba,0.0943,141.737,4,0.388
116,0.0108,0.8,201840,0.894,0.437,6,0.0285,-7.346,0,45UoCqtVh2BR1HteUkmRje,2Ld2LehpgQNREMxl9LlIzm,0.04,138.48,4,0.967
117,0.676,0.661,231467,0.733,7.06e-05,8,0.16,-5.345,1,45UoCqtVh2BR1HteUkmRje,2MMFpdctgwEkUlfP3kyPDG,0.129,137.904,4,0.556
118,0.366,0.508,223044,0.534,0.0,0,0.126,-6.522,1,45UoCqtVh2BR1HteUkmRje,2NkbRmygVirMQFCjSkyY7Q,0.0376,153.61,4,0.222
119,0.0151,0.616,204467,0.83,7.44e-06,0,0.102,-4.757,1,45UoCqtVh2BR1HteUkmRje,2OpY5KKUvkYAkiY8FEG1Wi,0.034,115.01,4,0.732
120,0.27,0.583,233920,0.667,3.64e-05,3,0.167,-7.351,1,45UoCqtVh2BR1HteUkmRje,2Pwm2YtneLSWi7vyUpT5fs,0.029,140.028,4,0.53
121,0.00357,0.555,228879,0.729,0.0,7,0.209,-4.813,1,45UoCqtVh2BR1HteUkmRje,2RPNCUaDL2ixoY9wGpoJoQ,0.0387,129.003,4,0.369
122,0.0146,0.814,197773,0.955,0.283,1,0.218,-5.905,0,45UoCqtVh2BR1HteUkmRje,2RSOzvKUnfDDrb2nQPfpQU,0.0377,129.992,4,0.963
123,0.287,0.397,288813,0.446,0.00866,4,0.109,-7.411,1,45UoCqtVh2BR1HteUkmRje,2TfEBN9ZhOpTSvycL2oVHa,0.0248,170.541,4,0.199
124,0.634,0.506,162732,0.372,1.65e-06,1,0.099,-8.491,1,45UoCqtVh2BR1HteUkmRje,2VZ8vDGBVKW5shpP3ytWSz,0.0642,150.225,4,0.234
125,0.62,0.55,230061,0.656,1.36e-05,9,0.151,-7.771,1,45UoCqtVh2BR1HteUkmRje,2XnXZe1Bj00j2pIaZltxsc,0.0538,92.042,4,0.695
126,0.686,0.702,222250,0.307,1.05e-05,5,0.0844,-10.683,1,45UoCqtVh2BR1HteUkmRje,2YBKZDLTHfoqe7IUEe2z6n,0.0289,111.987,4,0.41
127,0.0433,0.496,296240,0.797,1.46e-05,2,0.155,-6.089,1,45UoCqtVh2BR1HteUkmRje,2Yg72UW2YSwIdb4WFeuupn,0.0375,175.974,4,0.376
128,0.4,0.63,225053,0.53,0.0,0,0.177,-7.259,1,45UoCqtVh2BR1HteUkmRje,2YlZnw2ikdb837oKMKjBkW,0.0434,108.038,3,0.417
129,0.0215,0.592,209227,0.792,0.0,0,0.159,-5.884,1,45UoCqtVh2BR1HteUkmRje,2ZQyksYO4zzhyHNcueL0CP,0.0335,121.001,4,0.293
130,0.446,0.712,240507,0.51,2.46e-05,8,0.112,-8.162,1,45UoCqtVh2BR1HteUkmRje,2Za1AlJNvksouPPWbXpR2X,0.0633,122.964,4,0.268
131,0.615,0.31,277920,0.269,0.00218,9,0.107,-9.282,1,45UoCqtVh2BR1HteUkmRje,2eFh9Q4XwYn5pChQGjqSay,0.0308,128.145,4,0.0724
132,0.00281,0.633,197124,0.976,1.29e-05,8,0.382,-5.362,1,45UoCqtVh2BR1HteUkmRje,2gOlrge3YTmYPwsCGgU62K,0.0519,142.027,4,0.493
133,0.723,0.786,257927,0.351,0.0,5,0.177,-4.909,1,45UoCqtVh2BR1HteUkmRje,2gOlrylXMzHa4Ie0aB9Pr8,0.0369,114.99,4,0.478
134,0.154,0.468,259933,0.64,0.0,0,0.154,-5.862,1,45UoCqtVh2BR1HteUkmRje,2hKdd3qO7cWr2Jo0Bcs0MA,0.0275,79.297,4,0.499
135,0.0577,0.565,231906,0.782,4.16e-05,8,0.0757,-6.413,1,45UoCqtVh2BR1HteUkmRje,2habSXqcJGExM6JJyskY7O,0.0506,140.004,4,0.4
136,0.167,0.739,215360,0.511,1.34e-06,9,0.133,-7.844,1,45UoCqtVh2BR1HteUkmRje,2nGFzvICaeEWjIrBrL2RAx,0.0362,96.038,4,0.542
137,0.271,0.307,236053,0.425,3.09e-05,11,0.11,-8.924,0,45UoCqtVh2BR1HteUkmRje,2nMeu6UenVvwUktBCpLMK9,0.0372,108.693,4,0.136
138,0.85,0.576,264310,0.25,0.0,9,0.141,-10.009,1,45UoCqtVh2BR1HteUkmRje,2qQWgoRehdNMeqzzexkqw0,0.0319,127.896,4,0.155
139,0.802,0.473,294927,0.236,6.36e-06,1,0.385,-11.177,1,45UoCqtVh2BR1HteUkmRje,2qiODpF8mTIV4n5OqIygHn,0.0388,179.961,4,0.316
140,0.657,0.696,195914,0.275,2.13e-06,8,0.105,-10.821,1,45UoCqtVh2BR1HteUkmRje,2rGGLCSkv9ISfH64KSYFBj,0.0287,93.951,4,0.514
141,0.0582,0.886,126880,0.448,0.00658,0,0.035,-8.866,1,45UoCqtVh2BR1HteUkmRje,2sCl0FFOzZSmYZs90zOpd1,0.112,129.966,4,0.731
142,0.553,0.697,278593,0.447,7.47e-05,2,0.13,-7.862,0,45UoCqtVh2BR1HteUkmRje,2w5TOICK8EO8BetzaxVSvb,0.0282,74.994,4,0.54
143,0.506,0.5,243147,0.258,0.000393,9,0.18,-7.206,1,45UoCqtVh2BR1HteUkmRje,2yZHj22mfOzqcDFUJrlGaZ,0.0328,155.327,4,0.191
144,0.896,0.332,252150,0.413,1.38e-06,9,0.145,-6.527,1,45UoCqtVh2BR1HteUkmRje,2z4PJtBpu9OdJOHMH0P7t5,0.0367,201.951,4,0.595
145,0.0485,0.48,405320,0.718,0.000343,7,0.102,-5.461,1,45UoCqtVh2BR1HteUkmRje,31L9yLXSj6LpCFupyMV6CR,0.0603,163.987,4,0.252
146,0.0254,0.386,271520,0.594,3.03e-06,1,0.0873,-6.186,1,45UoCqtVh2BR1HteUkmRje,31MkGwj0SWgZaTvEt5Hgxv,0.0565,113.843,4,0.187
147,0.00129,0.494,169027,0.946,0.0,4,0.398,-2.757,1,45UoCqtVh2BR1HteUkmRje,33iv3wnGMrrDugd7GBso1z,0.0637,103.408,4,0.741
148,0.474,0.781,281560,0.445,0.0,2,0.184,-6.061,1,45UoCqtVh2BR1HteUkmRje,34gCuhDGsG4bRPIf9bb02f,0.0295,78.998,4,0.591
149,0.621,0.728,217707,0.563,0.0,1,0.179,-8.053,0,45UoCqtVh2BR1HteUkmRje,37FXw5QGFN7uwwsLy8uAc0,0.134,100.017,4,0.352
150,0.954,0.52,218756,0.312,0.000158,6,0.418,-7.626,1,45UoCqtVh2BR1HteUkmRje,38CdjYpFJHMzZ2Pyh5IvRP,0.0283,97.975,4,0.27
151,0.241,0.672,215173,0.623,0.0,9,0.0848,-5.699,1,45UoCqtVh2BR1HteUkmRje,38YgZVHPWOWsKrsCXz6JyP,0.0297,92.018,4,0.617
152,0.00239,0.429,266773,0.661,0.00013,11,0.234,-7.227,1,45UoCqtVh2BR1HteUkmRje,3AJwUDP919kvQ9QcozQPxg,0.0281,173.365,4,0.285
153,0.282,0.463,221596,0.388,2.54e-06,7,0.0866,-9.367,1,45UoCqtVh2BR1HteUkmRje,3BgvCj5oUc8jpL8YCB9y8S,0.0437,77.415,5,0.166
154,0.00382,0.61,241693,0.683,1.79e-06,2,0.125,-3.879,0,45UoCqtVh2BR1HteUkmRje,3CKCZ9pfwAfoMZlMncA1Nc,0.0253,108.003,4,0.466
155,0.758,0.692,189440,0.358,0.0,5,0.116,-8.075,1,45UoCqtVh2BR1HteUkmRje,3DOOAYISndPrhyoPUl90C9,0.0254,95.972,4,0.526
156,0.0294,0.591,228347,0.649,0.0,3,0.133,-6.72,1,45UoCqtVh2BR1HteUkmRje,3DamFFqW32WihKkTVlwTYQ,0.0417,90.002,4,0.489
157,0.839,0.617,217320,0.328,4.54e-05,4,0.124,-10.145,1,45UoCqtVh2BR1HteUkmRje,3DlvXOMOFkVEKSywYoLkMC,0.0304,119.825,4,0.321
158,0.725,0.313,268423,0.32,0.0,4,0.105,-9.952,1,45UoCqtVh2BR1HteUkmRje,3F68lVGaMQ2yQQGsX8NExZ,0.0292,98.046,4,0.395
159,0.97,0.549,206933,0.371,0.132,2,0.639,-9.56,1,45UoCqtVh2BR1HteUkmRje,3FsBtu3gdlfZjBLXyDvmj1,0.0378,87.024,3,0.13
160,0.151,0.696,193059,0.59,0.0,6,0.247,-7.428,1,45UoCqtVh2BR1HteUkmRje,3G6hD9B2ZHOsgf4WfNu7X1,0.0904,99.984,4,0.462
161,0.0415,0.69,223080,0.524,3.16e-06,6,0.17,-8.39,0,45UoCqtVh2BR1HteUkmRje,3LGxef3inmn5jMLGDz9lqw,0.103,164.023,4,0.562
162,0.36,0.617,241840,0.84,8.85e-05,4,0.179,-4.063,1,45UoCqtVh2BR1HteUkmRje,3LI4MmibTkXH5cGpCGZgyw,0.0512,94.676,4,0.57
163,0.921,0.667,261460,0.13,0.00204,5,0.112,-14.206,1,45UoCqtVh2BR1HteUkmRje,3LpoE3FESR3u0uh2TxOI2o,0.0348,139.891,4,0.457
164,0.789,0.638,225692,0.338,3.76e-05,3,0.141,-13.13,1,45UoCqtVh2BR1HteUkmRje,3Q2EuOM2SnBzWWvryLkLrZ,0.0298,125.088,4,0.525
165,0.928,0.409,225076,0.137,0.0,6,0.0706,-9.169,1,45UoCqtVh2BR1HteUkmRje,3QlF2ExmrRP0RM7ffv7y0Q,0.0446,162.08,1,0.106
166,0.112,0.722,188667,0.901,0.0,11,0.0674,-3.66,0,45UoCqtVh2BR1HteUkmRje,3SFXsFpeGmBTtQvKiwYMDA,0.105,143.401,4,0.963
167,0.113,0.499,216020,0.601,0.0,7,0.136,-6.454,1,45UoCqtVh2BR1HteUkmRje,3TLmBfWx4lC6FJsZGLV1v8,0.0304,143.984,4,0.483
168,0.0733,0.382,221693,0.416,0.0,0,0.0719,-9.303,1,45UoCqtVh2BR1HteUkmRje,3TwtrR1yNLY1PMPsrGQpOp,0.0302,102.089,4,0.125
169,0.922,0.422,269560,0.264,0.0,8,0.132,-7.064,1,45UoCqtVh2BR1HteUkmRje,3U4isOIWM3VvDubwSI3y7a,0.0322,119.93,4,0.331
170,0.637,0.646,220627,0.431,6.99e-06,6,0.113,-8.517,1,45UoCqtVh2BR1HteUkmRje,3WKg25vrbjJlkhsgl2W4p3,0.0262,90.034,4,0.292
171,0.603,0.609,228707,0.445,6.77e-06,7,0.104,-9.129,1,45UoCqtVh2BR1HteUkmRje,3XVBdLihbNbxUwZosxcGuJ,0.106,118.393,3,0.166
172,0.0023,0.978,254467,0.787,4.6e-06,2,0.102,-2.79,1,45UoCqtVh2BR1HteUkmRje,3XVozq1aeqsJwpXrEZrDJ9,0.0394,116.006,4,0.597
173,0.977,0.369,221050,0.3,0.00416,8,0.107,-5.359,1,45UoCqtVh2BR1HteUkmRje,3XyU03WycJQ02kExHb9dqW,0.0298,148.622,3,0.216
174,0.686,0.586,251455,0.439,2.78e-05,0,0.103,-9.096,1,45UoCqtVh2BR1HteUkmRje,3YNMHA6FqeqWzZyw0JVyIi,0.0296,120.032,4,0.428
175,0.644,0.604,227304,0.37,0.0,11,0.436,-7.729,1,45UoCqtVh2BR1HteUkmRje,3ZGVuAmsvQMpACekWo0jLE,0.0315,114.82,3,0.288
176,0.0118,0.513,210580,0.768,1.94e-05,4,0.294,-4.868,0,45UoCqtVh2BR1HteUkmRje,3cNjgVBKTJ1SvKhunrCdVy,0.0587,84.264,4,0.235
177,0.865,0.349,257760,0.327,0.0,4,0.148,-8.441,1,45UoCqtVh2BR1HteUkmRje,3dPqT7eqD97dsN6kFUixk0,0.0292,149.825,4,0.339
178,0.254,0.583,219493,0.584,0.0,5,0.123,-5.362,0,45UoCqtVh2BR1HteUkmRje,3f3omU8n47Mqyab5nCaGyT,0.0314,140.039,4,0.136
179,0.573,0.668,242000,0.361,0.00506,1,0.0805,-8.69,0,45UoCqtVh2BR1HteUkmRje,3f8Uygfz3CIpUCo6H6iNOJ,0.0273,134.15,5,0.288
180,0.855,0.655,231061,0.461,0.000337,2,0.0877,-9.693,1,45UoCqtVh2BR1HteUkmRje,3fkfiYZdDNi6PAWFaTxlGn,0.0275,95.056,4,0.695
181,0.741,0.54,218507,0.285,0.0,3,0.152,-10.053,1,45UoCqtVh2BR1HteUkmRje,3gBFAvpAVSNohs3ESRMYHi,0.0475,87.789,4,0.434
182,0.767,0.524,255467,0.527,0.00012,10,0.128,-8.897,1,45UoCqtVh2BR1HteUkmRje,3gKJ43RQY6niVmpbe9hh4D,0.0299,143.95,4,0.318
183,0.248,0.697,229413,0.467,0.0,9,0.0941,-7.536,1,45UoCqtVh2BR1HteUkmRje,3goSVuTt3fDYDP6kRnFwuL,0.0715,82.081,4,0.572
184,0.777,0.46,241520,0.461,0.00122,10,0.107,-5.074,1,45UoCqtVh2BR1HteUkmRje,3htM416yremamnna2RgSE2,0.0291,79.812,4,0.451
185,0.344,0.606,247000,0.459,0.000106,3,0.0456,-6.463,1,45UoCqtVh2BR1HteUkmRje,3mx6RlVZYpbsd8dG5LRxbM,0.0327,120.031,4,0.321
186,0.0435,0.743,224773,0.807,0.0,1,0.309,-3.78,1,45UoCqtVh2BR1HteUkmRje,3tCwjWLicbjsMCvXhN0WOE,0.0364,144.062,4,0.899
187,0.858,0.616,172147,0.265,2.14e-05,1,0.0809,-13.824,1,45UoCqtVh2BR1HteUkmRje,3yEmHh3T377wlTwKIAI2Cg,0.0274,101.86,4,0.194
188,0.12,0.862,238267,0.663,0.0,0,0.318,-9.004,1,45UoCqtVh2BR1HteUkmRje,3yNVfRQlUPViUh8O2V9SQn,0.21,85.308,4,0.837
189,0.37,0.519,257927,0.634,0.0,4,0.302,-6.61,1,45UoCqtVh2BR1HteUkmRje,408TyH9YoTkH9J0Da9Ue8C,0.0398,159.869,4,0.273
190,0.302,0.447,177523,0.602,0.00233,0,0.107,-8.996,1,45UoCqtVh2BR1HteUkmRje,44jVYj3TXig7Cf1vkgulnQ,0.219,165.041,4,0.35
191,0.261,0.706,202120,0.247,0.0,5,0.103,-17.961,1,45UoCqtVh2BR1HteUkmRje,48gsLPdOUEDjr7P8Wvykne,0.0311,127.812,4,0.424
192,0.953,0.572,230711,0.231,3.88e-06,0,0.111,-6.316,0,45UoCqtVh2BR1HteUkmRje,48wSJ6NhMFYYB6LjdnPNjM,0.0334,96.729,3,0.332
193,0.506,0.752,232967,0.426,3.3e-05,6,0.0991,-8.705,1,45UoCqtVh2BR1HteUkmRje,4ARkpfcxhNNo5g235qn3ii,0.0346,134.054,4,0.355
194,0.00132,0.736,216733,0.811,0.000142,9,0.107,-4.17,0,45UoCqtVh2BR1HteUkmRje,4BggEwLhGfrbrl7JBhC8EC,0.081,103.502,4,0.609
195,0.177,0.511,339307,0.658,0.0,0,0.126,-6.864,1,45UoCqtVh2BR1HteUkmRje,4DSOQ3kfCw70iWDswduLGN,0.0368,152.033,4,0.433
196,0.82,0.416,299160,0.226,0.000272,7,0.143,-10.934,1,45UoCqtVh2BR1HteUkmRje,4DX8Ejmm8dMRklWeSnOckn,0.0338,138.852,4,0.178
197,0.81,0.575,212899,0.184,0.0,3,0.125,-12.719,0,45UoCqtVh2BR1HteUkmRje,4DaXQf9BzocaTrlSSjfaMN,0.0388,126.025,4,0.147
198,0.0208,0.583,258827,0.786,0.0,2,0.188,-3.142,0,45UoCqtVh2BR1HteUkmRje,4E6cwWJWZw2zWf7VFbH7wf,0.0301,123.052,4,0.573
199,0.372,0.389,264853,0.467,1.05e-06,5,0.179,-6.207,0,45UoCqtVh2BR1HteUkmRje,4Eybcl06frChLYoXm0sxJi,0.0273,139.878,3,0.29
200,0.155,0.554,238475,0.513,4.57e-06,9,0.111,-5.772,1,45UoCqtVh2BR1HteUkmRje,4F3LG2ig1CNeBvryO4T2RP,0.0286,138.037,4,0.169
201,0.783,0.5,213471,0.323,0.0088,6,0.109,-9.731,1,45UoCqtVh2BR1HteUkmRje,4Fkt2UatA6SXHGh1g5B8VK,0.0263,142.191,4,0.372
202,0.823,0.703,262060,0.207,0.0,3,0.109,-8.265,1,45UoCqtVh2BR1HteUkmRje,4HXUMRdT6s6Am6YHcWmuib,0.028,95.932,4,0.505
203,0.000618,0.574,178267,0.911,0.0,9,0.0769,-5.176,1,45UoCqtVh2BR1HteUkmRje,4KacUpvbA3Mfo05gttTjhN,0.0715,98.075,4,0.573
204,0.771,0.315,263573,0.296,0.0,5,0.702,-13.262,1,45UoCqtVh2BR1HteUkmRje,4LloVtxNZpeh7q7xdi1DQc,0.0317,172.638,4,0.436
205,0.658,0.459,199152,0.412,0.000104,4,0.279,-8.452,1,45UoCqtVh2BR1HteUkmRje,4MTZPDFlNf42EC489MwX94,0.0281,135.684,4,0.291
206,0.863,0.544,191813,0.379,0.0,7,0.083,-9.113,0,45UoCqtVh2BR1HteUkmRje,4QfNOZN7vrQCQKK1ZJ3XPb,0.0412,199.756,3,0.322
207,0.823,0.482,316107,0.282,2.81e-06,4,0.0945,-10.548,1,45UoCqtVh2BR1HteUkmRje,4S9nEoY9rQJre3uz6nNndo,0.0302,93.165,4,0.128
208,0.756,0.689,263000,0.419,0.0,7,0.123,-7.532,1,45UoCqtVh2BR1HteUkmRje,4Sn293PFE5T7seeH6uE4YV,0.0279,105.939,4,0.566
209,0.725,0.634,293240,0.385,0.00016,6,0.104,-7.484,1,45UoCqtVh2BR1HteUkmRje,4WxpqDEOIqjx9Ux2J63K9u,0.0285,129.891,4,0.152
210,0.497,0.851,298773,0.849,2.05e-06,1,0.116,-3.383,0,45UoCqtVh2BR1HteUkmRje,4XHQyvbrBsQaaBUW1VvmsL,0.0828,120.014,4,0.844
211,0.904,0.507,218293,0.134,1.04e-05,4,0.103,-17.01,1,45UoCqtVh2BR1HteUkmRje,4aG1OTkWookWM4UdkaV4Iy,0.0368,135.8,4,0.377
212,0.614,0.439,276147,0.207,0.0,1,0.187,-9.573,1,45UoCqtVh2BR1HteUkmRje,4dp8cI4USaMlFzJ5MeBsVs,0.0296,136.513,4,0.263
213,0.00444,0.801,211533,0.641,3.54e-05,8,0.105,-9.097,0,45UoCqtVh2BR1HteUkmRje,4eLQPgkIwZI6OlllntlLdF,0.0565,93.773,4,0.829
214,0.879,0.4,226345,0.323,0.000571,2,0.103,-10.831,1,45UoCqtVh2BR1HteUkmRje,4gek9UL5WceAq1qiZlhmGM,0.0328,105.337,4,0.289
215,0.965,0.71,275280,0.0565,0.0,7,0.0889,-15.099,1,45UoCqtVh2BR1HteUkmRje,4h0zU3O9R5xzuTmNO7dNDU,0.0534,123.994,4,0.348
216,0.709,0.464,215120,0.351,6.83e-05,4,0.0951,-7.459,1,45UoCqtVh2BR1HteUkmRje,4hjEpk0l4r3yGvRUT3aT0h,0.0273,129.681,4,0.134
217,0.128,0.574,300107,0.629,0.0,2,0.271,-8.815,0,45UoCqtVh2BR1HteUkmRje,4jDmJ51x1o9NZB5Nxxc7gY,0.0363,153.119,4,0.786
218,0.892,0.559,285040,0.33,0.0,9,0.0975,-8.251,1,45UoCqtVh2BR1HteUkmRje,4kflIGfjdZJW4ot2ioixTB,0.0285,135.109,4,0.285
219,0.668,0.689,267698,0.287,2.88e-06,7,0.059,-11.906,1,45UoCqtVh2BR1HteUkmRje,4kk0uL01dukOo1P4l7pPyM,0.0336,122.912,4,0.399
220,0.832,0.678,241393,0.204,0.0,2,0.118,-10.371,1,45UoCqtVh2BR1HteUkmRje,4lCtZZktwgQqzCoJxK3ZxR,0.0525,115.795,4,0.299
221,0.225,0.6,245493,0.663,0.0,3,0.119,-5.802,1,45UoCqtVh2BR1HteUkmRje,4nVBt6MZDDP6tRVdQTgxJg,0.0477,121.07,4,0.286
222,0.422,0.927,249382,0.721,4.36e-05,8,0.0422,-12.561,1,45UoCqtVh2BR1HteUkmRje,4oaj36KzXRgDg4McgcTsZK,0.0908,103.018,4,0.965
223,0.15,0.695,240040,0.615,0.000212,7,0.0879,-5.325,0,45UoCqtVh2BR1HteUkmRje,4pGqFOfzvfe6avb9kbZicC,0.042,124.015,4,0.414
224,0.859,0.795,233747,0.378,0.0,4,0.204,-9.979,1,45UoCqtVh2BR1HteUkmRje,4qug3gWrzeTNm0GhOkugJV,0.316,100.227,4,0.576
225,0.0189,0.596,240427,0.838,1.54e-05,5,0.108,-6.52,0,45UoCqtVh2BR1HteUkmRje,4vb4mFvYsr2h6enhjJsq9Y,0.0704,94.982,4,0.472
226,0.598,0.667,238813,0.199,0.0,4,0.157,-10.409,1,45UoCqtVh2BR1HteUkmRje,4vmLCwIH2r5r04aw5qRX4c,0.0518,163.652,4,0.668
227,0.323,0.56,237493,0.825,0.0,11,0.161,-3.862,1,45UoCqtVh2BR1HteUkmRje,4w1lzcaoZ1IC2K5TwjalRP,0.0379,94.931,4,0.268
228,0.722,0.707,294856,0.412,2.27e-06,9,0.0988,-9.406,1,45UoCqtVh2BR1HteUkmRje,4w6BRW3NRbjlNcIqiZ0ybE,0.0308,114.031,4,0.354
229,0.565,0.857,244973,0.517,0.000195,0,0.102,-6.972,1,45UoCqtVh2BR1HteUkmRje,4wCmqSrbyCgxEXROQE6vtV,0.0384,129.063,4,0.754
230,0.863,0.54,222933,0.226,0.0,0,0.0914,-11.049,1,45UoCqtVh2BR1HteUkmRje,4yawEpFmXQoQmTfwyVXmrT,0.0787,96.157,4,0.401
231,0.236,0.824,286667,0.978,0.000718,7,0.393,-9.244,0,45UoCqtVh2BR1HteUkmRje,502X3BGNst24d1LUKkLh35,0.0616,127.997,4,0.78
232,0.355,0.761,238440,0.386,0.0,4,0.0953,-6.158,1,45UoCqtVh2BR1HteUkmRje,51ChrwmUPDJvedPQnIU8Ls,0.0399,134.943,3,0.526
233,0.596,0.743,237240,0.517,0.0,9,0.287,-5.917,1,45UoCqtVh2BR1HteUkmRje,52Z28hjK31wudUscWv1UjR,0.0304,119.974,4,0.71
234,0.562,0.592,185093,0.637,0.0,11,0.13,-8.48,1,45UoCqtVh2BR1HteUkmRje,53Pgsvu3qSYO2aXt5J2vcL,0.0992,159.701,4,0.565
235,0.324,0.711,203640,0.247,7.88e-05,9,0.137,-12.662,1,45UoCqtVh2BR1HteUkmRje,53jVt2BD1Wgh1aUoqAodQT,0.0284,104.983,4,0.491
236,0.129,0.456,252653,0.342,0.0,11,0.124,-8.162,0,45UoCqtVh2BR1HteUkmRje,55nlbqqFVnSsArIeYSQlqx,0.0283,84.087,4,0.224
237,0.418,0.886,313684,0.578,0.000181,11,0.0761,-8.826,1,45UoCqtVh2BR1HteUkmRje,57ef886Y0RQDGLm2jvmYEq,0.0381,114.015,4,0.69
238,0.325,0.615,210507,0.472,0.0,5,0.115,-6.073,0,45UoCqtVh2BR1HteUkmRje,59tg0OPhiHlbsVZ9GFqUk5,0.0267,80.072,4,0.327
239,0.913,0.33,236331,0.225,0.00361,7,0.0957,-11.144,1,45UoCqtVh2BR1HteUkmRje,5ChhnMBhQIKtQXe7fL3yQh,0.0329,184.248,4,0.104
240,0.568,0.479,172724,0.419,0.000217,0,0.11,-6.517,1,45UoCqtVh2BR1HteUkmRje,5Db9VIdDsN5yu3Eu7CT0i4,0.0389,85.014,4,0.186
241,0.511,0.618,230594,0.377,0.0,9,0.105,-6.723,1,45UoCqtVh2BR1HteUkmRje,5DhiAe4rmUWr7BIBh9q3Qy,0.033,169.974,4,0.303
242,0.0259,0.518,340707,0.575,0.0,5,0.109,-4.616,1,45UoCqtVh2BR1HteUkmRje,5ELRkzdzz0HvGpMDlfZHkV,0.0302,120.019,4,0.209
243,0.0155,0.497,212933,0.852,0.0,2,0.0793,-5.517,1,45UoCqtVh2BR1HteUkmRje,5EU1mh0C4Km3k6vGvIDN2J,0.0405,138.8,4,0.713
244,0.00474,0.841,260507,0.741,0.0121,0,0.0911,-6.222,0,45UoCqtVh2BR1HteUkmRje,5EYdTPdJD74r9EVZBztqGG,0.0392,122.984,4,0.97
245,0.819,0.673,193480,0.362,3.19e-06,1,0.0872,-8.95,0,45UoCqtVh2BR1HteUkmRje,5G8eZ56KzG7IZjHligiv6T,0.0441,78.051,4,0.599
246,0.358,0.595,175061,0.608,0.0,5,0.0843,-5.303,0,45UoCqtVh2BR1HteUkmRje,5GT8b1dFaOWFF5twsmSOYx,0.0373,60.878,4,0.452
247,0.192,0.612,230667,0.738,0.0,0,0.0779,-6.648,1,45UoCqtVh2BR1HteUkmRje,5J0S5UgpCwlmEagrqgzvoC,0.0479,81.327,4,0.883
248,0.129,0.662,209693,0.65,0.0,6,0.113,-5.981,1,45UoCqtVh2BR1HteUkmRje,5L79aNYCTKiZq7vaOElXYj,0.0383,117.992,4,0.481
249,0.874,0.544,229632,0.301,0.0,0,0.197,-7.6,1,45UoCqtVh2BR1HteUkmRje,5LP6x0DRwi69MGAYen999y,0.0265,135.699,4,0.251
250,0.0707,0.587,234640,0.647,7.24e-05,9,0.099,-6.161,0,45UoCqtVh2BR1HteUkmRje,5LU1VpAAJJ5FqKfZdNpfIG,0.0295,207.933,4,0.815
251,0.213,0.558,300720,0.723,0.00637,7,0.06,-6.363,1,45UoCqtVh2BR1HteUkmRje,5LhSIkQhAkINBgQZIyzS1i,0.0294,77.993,4,0.7
252,0.527,0.405,211467,0.944,0.0,4,0.214,-8.473,1,45UoCqtVh2BR1HteUkmRje,5Muvh0ooAJkSgBylFyI3su,0.249,192.147,4,0.71
253,0.915,0.463,219663,0.198,0.0,4,0.106,-11.003,1,45UoCqtVh2BR1HteUkmRje,5Nbe9vDQ1YJdreVIlhZEpP,0.0387,123.63,4,0.369
254,0.655,0.702,236038,0.436,0.0,9,0.116,-9.95,1,45UoCqtVh2BR1HteUkmRje,5OLiIGlbC3RmKmLt7C0Jqf,0.032,118.034,4,0.461
255,0.952,0.523,262000,0.363,0.0136,9,0.661,-10.809,0,45UoCqtVh2BR1HteUkmRje,5QRZuP11InyHtqsv8IyHmX,0.0335,120.085,4,0.116
256,0.0367,0.558,208600,0.719,0.0,2,0.115,-5.113,1,45UoCqtVh2BR1HteUkmRje,5QpaGzWp0hwB5faV8dkbAz,0.0267,112.027,4,0.371
257,0.741,0.556,264290,0.322,0.0,4,0.105,-9.982,1,45UoCqtVh2BR1HteUkmRje,5R5SBkgsXRRgRLTmqfv14t,0.0269,97.993,4,0.391
258,0.0113,0.806,219840,0.608,0.0,1,0.635,-7.008,1,45UoCqtVh2BR1HteUkmRje,5W2opDlEE4V6azri6kC4aT,0.0659,95.049,4,0.849
259,0.117,0.606,278960,0.864,0.0,11,0.366,-7.504,0,45UoCqtVh2BR1HteUkmRje,5YScXJKtefsgdskIy60N7A,0.0919,103.834,4,0.579
260,0.711,0.69,232600,0.407,0.0,9,0.126,-7.739,1,45UoCqtVh2BR1HteUkmRje,5dTJMpqiELczVuHJP3OAEu,0.0297,111.916,4,0.181
261,0.225,0.871,204293,0.522,0.0,0,0.206,-5.601,1,45UoCqtVh2BR1HteUkmRje,5eF8Hn5AHY4qT3aZsVYAzO,0.0419,123.991,4,0.887
262,0.269,0.64,262533,0.743,0.0,10,0.101,-4.08,1,45UoCqtVh2BR1HteUkmRje,5fVZC9GiM4e8vu99W0Xf6J,0.0379,122.035,4,0.361
263,0.95,0.445,172149,0.407,0.0,3,0.227,-6.883,1,45UoCqtVh2BR1HteUkmRje,5fa6CrQwHwthEoCvTtd5Ig,0.0349,131.479,3,0.231
264,0.876,0.568,308280,0.316,1.37e-05,4,0.113,-9.662,1,45UoCqtVh2BR1HteUkmRje,5hUoNlSp0RB5jjHYUBCgvO,0.0257,82.926,4,0.234
265,0.159,0.577,201173,0.756,0.000232,2,0.249,-5.82,1,45UoCqtVh2BR1HteUkmRje,5imShWWzwqfAJ9gXFpGAQh,0.115,176.75,4,0.663
266,0.746,0.427,224867,0.262,0.0,7,0.068,-8.541,1,45UoCqtVh2BR1HteUkmRje,5kRPPEWFJIMox5qIkQkiz5,0.0276,104.085,4,0.228
267,0.287,0.765,237300,0.473,0.0,10,0.391,-5.829,1,45UoCqtVh2BR1HteUkmRje,5kqIPrATaCc2LqxVWzQGbk,0.0514,119.992,4,0.34
268,0.6,0.651,264482,0.312,2.15e-06,7,0.102,-9.05,1,45UoCqtVh2BR1HteUkmRje,5mSfvJmlAEqCRVZzrg47xx,0.0528,109.986,4,0.324
269,0.00233,0.492,243907,0.886,0.0,3,0.0762,-4.109,1,45UoCqtVh2BR1HteUkmRje,5ml7wqgv2ZZ5JJ6U8ZLon9,0.0399,167.029,4,0.653
270,0.0756,0.51,247533,0.424,0.0,11,0.112,-7.85,1,45UoCqtVh2BR1HteUkmRje,5n8YOy9hd8o4d3OHteTVCJ,0.0264,146.093,5,0.125
271,0.664,0.675,308062,0.418,0.0,11,0.348,-8.709,1,45UoCqtVh2BR1HteUkmRje,5o6StwqqVfG3vRLx8UP310,0.229,144.051,3,0.515
272,0.638,0.641,299147,0.176,5.14e-06,6,0.252,-11.692,1,45UoCqtVh2BR1HteUkmRje,5pY3ovFxbvAg7reGZjJQSp,0.0349,76.031,4,0.297
273,0.195,0.435,269787,0.658,0.0,8,0.102,-8.179,1,45UoCqtVh2BR1HteUkmRje,5prTs2HAw2G4idHZyeFp8o,0.0661,130.276,4,0.184
274,0.0802,0.87,394573,0.554,0.0739,4,0.115,-5.828,0,45UoCqtVh2BR1HteUkmRje,5snyhxAh55A2wlNRH7VVZJ,0.0635,123.998,4,0.462
275,0.739,0.479,216480,0.368,4.1e-05,6,0.118,-7.784,1,45UoCqtVh2BR1HteUkmRje,5sra5UY6sD658OabHL3QtI,0.0341,92.959,4,0.142
276,0.695,0.358,211467,0.557,0.0,10,0.0902,-7.398,1,45UoCqtVh2BR1HteUkmRje,5uCax9HTNlzGybIStD3vDh,0.059,85.043,4,0.494
277,0.705,0.611,224468,0.409,0.0,5,0.0805,-8.573,1,45UoCqtVh2BR1HteUkmRje,5v8lllGsUTbaYRON5wTduL,0.0339,175.798,4,0.672
278,0.64,0.506,235781,0.367,0.00034,6,0.121,-9.12,1,45UoCqtVh2BR1HteUkmRje,5wxnNucZLR5QpOVXqyvZzY,0.0288,161.771,4,0.569
279,0.79,0.621,248487,0.186,0.0,6,0.0997,-11.408,0,45UoCqtVh2BR1HteUkmRje,5zSwPg3ywghywIqyujVXVH,0.0266,104.596,4,0.387
280,0.679,0.734,197307,0.431,0.056,0,0.0706,-9.436,1,45UoCqtVh2BR1HteUkmRje,60sguyEcysYrM6jBAIJDiN,0.0266,94.03,4,0.76
281,0.031,0.61,200400,0.926,0.0012,8,0.0821,-4.843,0,45UoCqtVh2BR1HteUkmRje,62bOmKYxYg7dhrC6gH9vFn,0.0479,172.638,4,0.861
282,0.652,0.533,183989,0.389,9.95e-06,7,0.134,-11.163,1,45UoCqtVh2BR1HteUkmRje,64YjjOv1yfygQwJO45l2ve,0.0259,99.98,4,0.613
283,0.513,0.698,258427,0.879,0.000165,2,0.0661,-4.237,1,45UoCqtVh2BR1HteUkmRje,66V6QeI1Y9PQO4J7p7JGJO,0.034,101.989,4,0.883
284,0.869,0.542,264504,0.306,0.000162,4,0.117,-6.898,1,45UoCqtVh2BR1HteUkmRje,66YQm2pYVd8tV1J8EByd25,0.0284,137.954,4,0.391
285,0.24,0.683,213027,0.687,0.0,6,0.131,-5.833,0,45UoCqtVh2BR1HteUkmRje,68y6OIiE1nDdI1MLQdJNh8,0.0274,99.035,4,0.502
286,0.416,0.704,176347,0.423,0.0,8,0.0607,-6.792,1,45UoCqtVh2BR1HteUkmRje,6AeQlMyRzvSl1nkFztZyKl,0.0862,113.962,4,0.451
287,0.475,0.667,233693,0.753,0.0,10,0.0915,-3.035,1,45UoCqtVh2BR1HteUkmRje,6Agiwgwq5BtflpNynGYsUv,0.0336,124.979,4,0.699
288,0.0941,0.607,306213,0.471,1.65e-06,2,0.0994,-7.211,1,45UoCqtVh2BR1HteUkmRje,6BoyG3bQ8rjDdqatMg5IWM,0.029,139.955,4,0.315
289,0.751,0.739,233733,0.365,1.65e-06,5,0.161,-5.731,0,45UoCqtVh2BR1HteUkmRje,6CQaVuICm1WVXyy3SZ5jEI,0.0415,96.095,4,0.699
290,0.0509,0.662,214120,0.612,0.0,10,0.0948,-4.993,1,45UoCqtVh2BR1HteUkmRje,6L6ra9mTlyQPmh7zGw58y1,0.0311,113.95,4,0.177
291,0.572,0.308,218470,0.426,0.0,2,0.113,-8.151,1,45UoCqtVh2BR1HteUkmRje,6N4EZhQbBsDjwr2buY3TGk,0.0424,143.97,4,0.182
292,0.467,0.472,229120,0.572,0.0,3,0.0711,-5.651,1,45UoCqtVh2BR1HteUkmRje,6NkUP6IeLnH6Yaw2wcNHzO,0.0282,81.388,4,0.361
293,0.572,0.339,240506,0.218,0.0,8,0.0955,-11.281,0,45UoCqtVh2BR1HteUkmRje,6QYEVNkfirdsMmC5d9HJtR,0.0314,127.576,4,0.327
294,0.0293,0.447,227853,0.694,5.46e-06,7,0.167,-4.637,0,45UoCqtVh2BR1HteUkmRje,6RX5iL93VZ5fKmyvNXvF1r,0.382,175.868,4,0.509
295,0.857,0.407,229400,0.147,2.89e-06,2,0.0913,-8.822,1,45UoCqtVh2BR1HteUkmRje,6Vc5wAMmXdKIAM7WUoEb7N,0.0355,141.284,3,0.0765
296,0.899,0.492,149707,0.116,1.93e-06,2,0.0889,-15.15,0,45UoCqtVh2BR1HteUkmRje,6XQHlsNu6so4PdglFkJQRJ,0.0379,111.787,4,0.434
297,0.481,0.792,288613,0.306,0.0,6,0.0935,-12.709,0,45UoCqtVh2BR1HteUkmRje,6Xh2Yv5wyMXwSzg9BpbJWu,0.0387,91.964,4,0.759
298,0.895,0.489,144387,0.13,0.0,0,0.107,-11.9,1,45UoCqtVh2BR1HteUkmRje,6aVrw27a4INLfxTvbJF24k,0.0284,82.11,4,0.236
299,0.391,0.528,298893,0.624,0.0,11,0.0777,-6.613,0,45UoCqtVh2BR1HteUkmRje,6bE0o9hYUPYlokZIH79oM0,0.0301,80.051,4,0.374
300,0.458,0.394,309293,0.322,0.000735,9,0.224,-10.794,1,45UoCqtVh2BR1HteUkmRje,6cebiKUXkoLYlaxzDfEPtS,0.031,104.892,4,0.375
301,0.772,0.369,243693,0.349,0.000292,4,0.0905,-8.067,0,45UoCqtVh2BR1HteUkmRje,6eXn9NxCovcNIQ8wXIIZv0,0.0321,114.333,5,0.178
302,0.742,0.373,216255,0.266,5.93e-06,10,0.101,-11.599,1,45UoCqtVh2BR1HteUkmRje,6ghUIbri8WJ7ul7nTFQISc,0.032,88.168,4,0.399
303,0.0522,0.449,278719,0.585,8.49e-05,5,0.0833,-6.762,1,45UoCqtVh2BR1HteUkmRje,6nek1Nin9q48AVZcWs9e9D,0.0268,139.627,4,0.203
304,0.728,0.656,278853,0.356,0.000222,4,0.0909,-11.945,1,45UoCqtVh2BR1HteUkmRje,6o69wjiPkYTEhxJUGCETbE,0.0366,77.965,4,0.257
305,0.733,0.769,225107,0.371,3.73e-05,0,0.106,-8.522,1,45UoCqtVh2BR1HteUkmRje,6obMmMuVhvB0VMTZa5EJIP,0.0326,100.001,4,0.653
306,0.0109,0.781,193467,0.599,1.12e-06,7,0.109,-6.501,1,45UoCqtVh2BR1HteUkmRje,6ol4ZSifr7r3Lb2a9L5ZAB,0.0436,120.053,4,0.608
307,0.185,0.633,217133,0.792,0.000185,1,0.152,-6.968,1,45UoCqtVh2BR1HteUkmRje,6onLnWywmbSnXDFPVY1mM6,0.149,175.795,4,0.918
308,0.014,0.716,133995,0.805,3.1e-06,4,0.291,-3.839,1,45UoCqtVh2BR1HteUkmRje,6tHWl8ows5JOZq9Yfaqn3M,0.0856,142.886,4,0.719
309,0.417,0.795,190453,0.616,0.0,1,0.349,-5.281,0,45UoCqtVh2BR1HteUkmRje,6ukMqDxnOPOgoHdak7Kyp3,0.06,110.015,4,0.815
310,0.946,0.453,241500,0.0531,0.000161,1,0.0796,-19.956,1,45UoCqtVh2BR1HteUkmRje,6vAcoAjqhoJQaMJJZfBxEc,0.0355,79.863,4,0.354
311,0.301,0.442,267544,0.598,0.00142,7,0.177,-4.894,1,45UoCqtVh2BR1HteUkmRje,6vpgBxXDudQQb04diUWsR4,0.032,134.853,4,0.179
312,0.00133,0.291,289907,0.79,5.61e-06,11,0.0811,-5.683,0,45UoCqtVh2BR1HteUkmRje,6vrUTGn5p8IrfTZ0J6sIVM,0.0363,155.667,3,0.513
313,0.336,0.59,229015,0.451,0.0,4,0.103,-8.194,1,45UoCqtVh2BR1HteUkmRje,6x69yrZAJvsYxhk0CJS4uT,0.0417,129.729,4,0.334
314,0.817,0.383,280757,0.43,1.04e-06,10,0.0869,-8.644,1,45UoCqtVh2BR1HteUkmRje,70K0ezmzYEZeqoSaZMyP7o,0.0302,107.005,4,0.174
315,0.0279,0.774,198813,0.847,0.0183,5,0.241,-3.925,0,45UoCqtVh2BR1HteUkmRje,717TY4sfgKQm4kFbYQIzgo,0.121,143.011,4,0.923
316,0.828,0.78,241733,0.209,0.000167,6,0.106,-12.2,1,45UoCqtVh2BR1HteUkmRje,71NQP11KgFDEJzzrks7wcn,0.0334,97.009,4,0.644
317,0.701,0.505,212149,0.211,0.0,8,0.095,-12.317,1,45UoCqtVh2BR1HteUkmRje,72B1Wm2DzOCQ5jocTAPSUJ,0.0312,81.119,4,0.74
318,0.0109,0.449,242080,0.499,0.0,0,0.377,-4.735,1,45UoCqtVh2BR1HteUkmRje,73iGbyppTPZLJd5CSC2A30,0.0262,145.881,4,0.328
319,0.0538,0.442,217653,0.846,4.71e-06,4,0.282,-5.214,1,45UoCqtVh2BR1HteUkmRje,756CJtQRFSxEx9jV4P9hpA,0.0764,128.235,4,0.622
320,0.727,0.56,309600,0.442,1.71e-05,5,0.11,-7.224,1,45UoCqtVh2BR1HteUkmRje,75JFxkI2RXiU7L9VXzMkle,0.0243,146.448,4,0.212
321,0.25,0.491,248907,0.802,0.0,4,0.387,-7.106,1,45UoCqtVh2BR1HteUkmRje,77NNZQSqzLNqh2A9JhLRkg,0.0392,119.25,4,0.472
322,0.348,0.381,290907,0.594,0.0,3,0.0925,-5.97,1,45UoCqtVh2BR1HteUkmRje,7A2eDNBgJrEVE87C8pOMqN,0.0486,143.86,4,0.273
323,0.047,0.595,223640,0.723,0.0286,7,0.0995,-8.256,1,45UoCqtVh2BR1HteUkmRje,7BVwi9cIzSc6tpyxsp47vJ,0.0349,108.043,1,0.272
324,0.385,0.509,252867,0.538,0.0,7,0.104,-7.335,1,45UoCqtVh2BR1HteUkmRje,7DFNE7NO0raLIUbgzY2rzm,0.0572,75.089,4,0.244
325,0.321,0.76,247691,0.435,0.00029,5,0.496,-7.605,1,45UoCqtVh2BR1HteUkmRje,7Dh5s2tTX4eBzA2FRu03Z0,0.025,88.012,4,0.562
326,0.891,0.396,245427,0.305,0.0,2,0.169,-6.481,1,45UoCqtVh2BR1HteUkmRje,7GgQi7JTG4b6J4iEF4RTjF,0.0387,165.398,3,0.251
327,0.049,0.562,246000,0.891,0.00182,2,0.156,-4.88,1,45UoCqtVh2BR1HteUkmRje,7KGr8itg6ZQNWOTIvxR1yU,0.0413,91.05,4,0.53
328,0.1,0.461,195493,0.446,0.0,7,0.169,-7.703,1,45UoCqtVh2BR1HteUkmRje,7L605WhF5EGf34ggj87yK6,0.0267,139.868,3,0.375
329,0.163,0.209,295533,0.418,0.00195,3,0.113,-8.74,1,45UoCqtVh2BR1HteUkmRje,7LVHVU3tWfcxj5aiPFEW4Q,0.0338,138.265,4,0.123
330,0.044,0.666,190480,0.78,0.0,7,0.128,-5.177,1,45UoCqtVh2BR1HteUkmRje,7MapZTlRqFfUteNcghsTwf,0.0404,90.004,4,0.795
331,0.821,0.52,281507,0.308,0.0,7,0.12,-8.406,1,45UoCqtVh2BR1HteUkmRje,7Mwi72LZXJRSIuj9Vhq0Oj,0.0274,141.79,4,0.537
332,0.901,0.403,210373,0.324,7.54e-06,0,0.11,-8.066,1,45UoCqtVh2BR1HteUkmRje,7aRVFVMAgtKpXFr0cE6sDU,0.0306,94.067,4,0.359
333,0.0129,0.472,232800,0.671,0.0,4,0.159,-4.649,1,45UoCqtVh2BR1HteUkmRje,7afSN5zhUhkbpRFpYKYztK,0.029,82.952,4,0.0681
334,0.133,0.568,208733,0.686,0.0,11,0.11,-4.901,0,45UoCqtVh2BR1HteUkmRje,7evPpWWu01Klxi0KlPxR17,0.0903,148.294,4,0.4
335,0.118,0.388,278373,0.694,0.000293,5,0.082,-5.769,1,45UoCqtVh2BR1HteUkmRje,7gpy7sfWPNuOKmUNs3XQYE,0.0735,145.434,5,0.365
336,0.547,0.545,285547,0.455,0.000881,4,0.0985,-8.562,1,45UoCqtVh2BR1HteUkmRje,7igahbgBryjah3Dtp9HHyI,0.0259,104.024,4,0.355
337,0.105,0.731,218573,0.572,0.00012,6,0.133,-7.889,0,45UoCqtVh2BR1HteUkmRje,7jJH8F3PHlNvxfqEAAfFDl,0.0445,154.038,4,0.947
338,0.0972,0.611,220133,0.831,0.0,5,0.308,-5.394,0,45UoCqtVh2BR1HteUkmRje,7jQBORjiir0pNSKGaHevq9,0.394,174.245,4,0.915
339,0.555,0.495,249979,0.501,3.74e-06,5,0.109,-6.351,0,45UoCqtVh2BR1HteUkmRje,7k5OoqMYnHmQZuSbVn02JU,0.0295,171.996,4,0.387
340,0.104,0.529,234107,0.607,0.0,6,0.0631,-6.781,1,45UoCqtVh2BR1HteUkmRje,7krbSH3rd8lhIZvuzTV3Bl,0.0574,101.966,4,0.238
341,0.424,0.591,201072,0.415,0.000299,6,0.111,-6.936,1,45UoCqtVh2BR1HteUkmRje,7nm68uKwGwMqznlOSBxhps,0.0437,90.483,4,0.197
342,0.618,0.515,201000,0.378,0.0,5,0.172,-8.264,1,45UoCqtVh2BR1HteUkmRje,7oAraczbemGSNWqnbkU87R,0.065,91.883,4,0.536
343,0.675,0.554,217260,0.41,0.000423,0,0.127,-6.834,0,45UoCqtVh2BR1HteUkmRje,7q4V2TQW0itiVx0RuBRNqr,0.0498,88.196,4,0.358
344,0.0541,0.544,236920,0.55,0.0,10,0.243,-6.756,0,45UoCqtVh2BR1HteUkmRje,7qQfI2F80t2MZcLLVuH6M2,0.0248,144.028,4,0.246
345,0.919,0.458,229987,0.149,0.0,11,0.0997,-8.64,1,45UoCqtVh2BR1HteUkmRje,7qiVdTMCRynOSQDNsqNyyV,0.0391,113.632,3,0.165
346,0.581,0.825,233713,0.652,0.0,1,0.0931,-3.183,0,45UoCqtVh2BR1HteUkmRje,7qiZfU4dY1lWllzX7mPBI3,0.0802,95.977,4,0.931
347,0.91,0.325,212040,0.18,0.000633,10,0.113,-10.647,1,45UoCqtVh2BR1HteUkmRje,7rPLZ8Krm6CZIbraFUlnWZ,0.0311,72.416,1,0.0997
348,0.112,0.495,267933,0.589,0.0,0,0.0688,-4.747,1,45UoCqtVh2BR1HteUkmRje,7rdGrVIoqwPWOULauvglio,0.0274,82.002,4,0.401
349,0.403,0.667,194453,0.613,0.0,1,0.115,-5.353,1,45UoCqtVh2BR1HteUkmRje,7soJgKhQTO8hLP2JPRkL5O,0.0344,91.024,4,0.47
350,0.853,0.49,239466,0.335,1.77e-05,3,0.1,-9.048,1,45UoCqtVh2BR1HteUkmRje,7vZTvo2aJ6wHKCGjwjdWIf,0.0347,173.493,4,0.519
351,0.0653,0.421,202533,0.873,0.0,10,0.123,-4.343,1,45UoCqtVh2BR1HteUkmRje,7wMq5n8mYSKlQIGECKUgTX,0.0565,84.803,4,0.63
352,0.793,0.554,282040,0.266,0.0,11,0.11,-9.435,0,45UoCqtVh2BR1HteUkmRje,7wPlxhTeGIT9tm0pk03vwq,0.0319,103.902,4,0.302
353,0.0122,0.439,168000,0.891,0.0,0,0.547,-4.764,1,45UoCqtVh2BR1HteUkmRje,7yCPwWs66K8Ba5lFuU2bcx,0.057,148.599,4,0.695
354,0.89,0.585,187614,0.496,0.00282,8,0.122,-9.769,1,45UoCqtVh2BR1HteUkmRje,7zDGRvUdsgVWBfsYp6YffE,0.0257,98.548,4,0.242
